config,category,z_defect,z_good,g1_exceed
mvtec/patchcore/brightness/level1,bottle,6.21091719733054,3.80793230402744,FALSE
mvtec/patchcore/brightness/level1,cable,-2.26271320086675,-2.80660114652119,FALSE
mvtec/patchcore/brightness/level1,capsule,-3.31217445245405,-1.45991775521394,FALSE
mvtec/patchcore/brightness/level1,carpet,-0.637395747014501,0.728685548770016,FALSE
mvtec/patchcore/brightness/level1,grid,5.97956580677345,4.01450857139046,FALSE
mvtec/patchcore/brightness/level1,hazelnut,6.81267059596469,0.685506162763685,FALSE
mvtec/patchcore/brightness/level1,leather,2.87343071554501,4.88042328784415,TRUE
mvtec/patchcore/brightness/level1,metal_nut,5.55801026622801,0.633080179624976,FALSE
mvtec/patchcore/brightness/level1,pill,9.76188513265826,4.10177332727176,FALSE
mvtec/patchcore/brightness/level1,screw,1.59546125263339,1.74289925975259,TRUE
mvtec/patchcore/brightness/level1,tile,-7.21957769944153,-5.01192607538007,TRUE
mvtec/patchcore/brightness/level1,toothbrush,-2.95340153808474,-3.05941170815567,FALSE
mvtec/patchcore/brightness/level1,transistor,5.44244918805467,6.72850514348663,FALSE
mvtec/patchcore/brightness/level1,wood,4.23090415099791,2.05235127329311,FALSE
mvtec/patchcore/brightness/level1,zipper,3.11835019615915,3.758486899834,FALSE
mvtec/patchcore/brightness/level2,bottle,1.94318183445712,-0.298661357178623,FALSE
mvtec/patchcore/brightness/level2,cable,3.16682106730378,2.96919045431966,FALSE
mvtec/patchcore/brightness/level2,capsule,-7.25282215882548,-2.34195139898902,TRUE
mvtec/patchcore/brightness/level2,carpet,-4.85185784119513,-4.59982752661072,TRUE
mvtec/patchcore/brightness/level2,grid,6.01033544214278,4.01450857139046,FALSE
mvtec/patchcore/brightness/level2,hazelnut,0.362305454575796,2.60761167796382,FALSE
mvtec/patchcore/brightness/level2,leather,-2.24697104602979,0.635763953205751,TRUE
mvtec/patchcore/brightness/level2,metal_nut,6.73586674648826,4.10690475500305,FALSE
mvtec/patchcore/brightness/level2,pill,7.33183603261046,2.55249671449419,FALSE
mvtec/patchcore/brightness/level2,screw,-3.15031365839093,-0.5507302493642,TRUE
mvtec/patchcore/brightness/level2,tile,0.22643927924945,3.06433269849441,FALSE
mvtec/patchcore/brightness/level2,toothbrush,-1.03581195394767,-2.19650071354766,FALSE
mvtec/patchcore/brightness/level2,transistor,1.18193546761362,4.43904660998079,FALSE
mvtec/patchcore/brightness/level2,wood,3.24606888154664,2.21332000061022,FALSE
mvtec/patchcore/brightness/level2,zipper,1.14481504720633,3.92677735803552,FALSE
mvtec/patchcore/brightness/level3,bottle,0.6101634196791,2.42662352707631,FALSE
mvtec/patchcore/brightness/level3,cable,-1.08396090544653,2.5820730547995,FALSE
mvtec/patchcore/brightness/level3,capsule,1.25758280405507,0.973278503475958,FALSE
mvtec/patchcore/brightness/level3,carpet,0.787371216900265,1.32074255714565,FALSE
mvtec/patchcore/brightness/level3,grid,4.97442438470861,3.45838617189048,FALSE
mvtec/patchcore/brightness/level3,hazelnut,6.42710938238012,5.51093189672766,FALSE
mvtec/patchcore/brightness/level3,leather,-1.76949724283787,-4.41294979283992,TRUE
mvtec/patchcore/brightness/level3,metal_nut,6.10895070696407,4.10690475500305,FALSE
mvtec/patchcore/brightness/level3,pill,9.20846300287976,3.16204816870176,FALSE
mvtec/patchcore/brightness/level3,screw,-6.50754428154228,-3.41452754605804,TRUE
mvtec/patchcore/brightness/level3,tile,-2.37779776952536,-1.00953234673431,TRUE
mvtec/patchcore/brightness/level3,toothbrush,-2.32689460497759,-3.05941170815567,FALSE
mvtec/patchcore/brightness/level3,transistor,5.16334922969289,6.56654987745085,FALSE
mvtec/patchcore/brightness/level3,wood,4.56782148002072,2.25356218243949,FALSE
mvtec/patchcore/brightness/level3,zipper,-8.74770554968579,-3.57149750183231,TRUE
mvtec/patchcore/contrast/level1,bottle,2.68681406267761,1.90396615201372,FALSE
mvtec/patchcore/contrast/level1,cable,4.44234621941225,-0.561320229304238,FALSE
mvtec/patchcore/contrast/level1,capsule,8.23316225634335,3.68020934126847,FALSE
mvtec/patchcore/contrast/level1,carpet,-5.90230443680437,-4.59982752661072,FALSE
mvtec/patchcore/contrast/level1,grid,6.030848532389,3.97975092142171,FALSE
mvtec/patchcore/contrast/level1,hazelnut,-0.182060315607473,-1.39789492014555,FALSE
mvtec/patchcore/contrast/level1,leather,2.56278955710771,3.72108902023366,TRUE
mvtec/patchcore/contrast/level1,metal_nut,4.0267968418897,-0.665545829862154,FALSE
mvtec/patchcore/contrast/level1,pill,5.15404435645896,0.139688874922568,FALSE
mvtec/patchcore/contrast/level1,screw,0.914471693582552,-0.226771279149965,TRUE
mvtec/patchcore/contrast/level1,tile,4.39378248455386,3.02859704020293,FALSE
mvtec/patchcore/contrast/level1,toothbrush,-1.60080029246458,-0.941357448663283,FALSE
mvtec/patchcore/contrast/level1,transistor,5.44244918805467,6.6916971284785,FALSE
mvtec/patchcore/contrast/level1,wood,-2.61951754923245,0.643874909268427,FALSE
mvtec/patchcore/contrast/level1,zipper,0.743431722728502,3.2723144650296,FALSE
mvtec/patchcore/contrast/level2,bottle,5.57343302751655,2.31462551813433,FALSE
mvtec/patchcore/contrast/level2,cable,7.20354051420645,5.29189485144065,FALSE
mvtec/patchcore/contrast/level2,capsule,6.17282219175048,2.91983551042787,FALSE
mvtec/patchcore/contrast/level2,carpet,2.56294548807419,4.34934186922103,FALSE
mvtec/patchcore/contrast/level2,grid,-6.0131396014411,-4.01450857139046,FALSE
mvtec/patchcore/contrast/level2,hazelnut,3.44190181847006,4.54315849047305,FALSE
mvtec/patchcore/contrast/level2,leather,-5.0952381153165,-4.52514343164093,TRUE
mvtec/patchcore/contrast/level2,metal_nut,-0.543358164784606,-2.87321004599028,FALSE
mvtec/patchcore/contrast/level2,pill,9.36245872594856,4.25416119082365,FALSE
mvtec/patchcore/contrast/level2,screw,-2.69775402697685,-1.22456490740981,TRUE
mvtec/patchcore/contrast/level2,tile,2.40399905102022,2.70697611557961,FALSE
mvtec/patchcore/contrast/level2,toothbrush,3.29576530801531,1.64737553516075,FALSE
mvtec/patchcore/contrast/level2,transistor,1.10942408923242,1.39134296730741,FALSE
mvtec/patchcore/contrast/level2,wood,0.593924026675614,1.60968727317107,FALSE
mvtec/patchcore/contrast/level2,zipper,-7.09326415236003,-4.35685297343941,TRUE
mvtec/patchcore/contrast/level3,bottle,-4.11210916676689,-2.9492809021389,TRUE
mvtec/patchcore/contrast/level3,cable,3.9389780559365,4.06086152096652,FALSE
mvtec/patchcore/contrast/level3,capsule,6.11343244125859,1.33825794227944,FALSE
mvtec/patchcore/contrast/level3,carpet,4.72422730140159,4.62259895000979,FALSE
mvtec/patchcore/contrast/level3,grid,5.70263908844946,3.35411322198423,FALSE
mvtec/patchcore/contrast/level3,hazelnut,3.43359367154446,5.08081038283672,FALSE
mvtec/patchcore/contrast/level3,leather,-2.40418061544829,-4.82432646844364,TRUE
mvtec/patchcore/contrast/level3,metal_nut,6.44876422942482,3.97704215405434,FALSE
mvtec/patchcore/contrast/level3,pill,9.53089154805506,3.64460973661608,FALSE
mvtec/patchcore/contrast/level3,screw,1.68951403040833,1.39302357192121,TRUE
mvtec/patchcore/contrast/level3,tile,-4.38542622029382,-3.95772415578141,TRUE
mvtec/patchcore/contrast/level3,toothbrush,-2.15825497013885,-2.6671794378793,FALSE
mvtec/patchcore/contrast/level3,transistor,-0.427817132449102,4.35806897696289,FALSE
mvtec/patchcore/contrast/level3,wood,-1.30409486248766,0.12072654548783,FALSE
mvtec/patchcore/contrast/level3,zipper,-5.7351258391355,-0.149591518401353,TRUE
mvtec/patchcore/gaussian/level1,bottle,5.31608515531436,3.91993031296943,FALSE
mvtec/patchcore/gaussian/level1,cable,0.788210216429331,4.36281309259225,FALSE
mvtec/patchcore/gaussian/level1,capsule,-5.1652649934794,4.04518878007195,TRUE
mvtec/patchcore/gaussian/level1,carpet,-5.63876294905608,-4.44042756281728,FALSE
mvtec/patchcore/gaussian/level1,grid,-1.78838482121634,3.14556732217174,FALSE
mvtec/patchcore/gaussian/level1,hazelnut,0.17490608151935,0.954332108945522,FALSE
mvtec/patchcore/gaussian/level1,leather,-3.13229834757609,3.57149750183231,TRUE
mvtec/patchcore/gaussian/level1,metal_nut,5.63162629624428,2.8407443957531,FALSE
mvtec/patchcore/gaussian/level1,pill,6.58271882525649,3.16204816870176,FALSE
mvtec/patchcore/gaussian/level1,screw,-4.80809387066035,2.55927586469246,TRUE
mvtec/patchcore/gaussian/level1,tile,1.38127960342165,1.86718814572983,FALSE
mvtec/patchcore/gaussian/level1,toothbrush,2.47967104126866,1.4904826270502,FALSE
mvtec/patchcore/gaussian/level1,transistor,5.38662919638232,6.73586674648826,FALSE
mvtec/patchcore/gaussian/level1,wood,5.64540416934821,3.82300727378129,FALSE
mvtec/patchcore/gaussian/level1,zipper,5.48368538789262,4.93652010724465,FALSE
mvtec/patchcore/gaussian/level2,bottle,-1.72186271891531,3.91993031296943,TRUE
mvtec/patchcore/gaussian/level2,cable,0.898946583771761,5.57836172708557,FALSE
mvtec/patchcore/gaussian/level2,capsule,1.9232561052001,4.19726354624007,FALSE
mvtec/patchcore/gaussian/level2,carpet,-3.23568546922131,-0.250485657389693,FALSE
mvtec/patchcore/gaussian/level2,grid,-4.76172116887303,2.51992962273427,FALSE
mvtec/patchcore/gaussian/level2,hazelnut,1.46606464673387,4.3012151389094,FALSE
mvtec/patchcore/gaussian/level2,leather,0.94745553323376,4.50644449184076,TRUE
mvtec/patchcore/gaussian/level2,metal_nut,3.90383857640796,2.3862252924326,FALSE
mvtec/patchcore/gaussian/level2,pill,4.08218385725032,4.45734500889284,FALSE
mvtec/patchcore/gaussian/level2,screw,-6.59219526406641,0.369313226044228,TRUE
mvtec/patchcore/gaussian/level2,tile,0.135491089832057,4.88685127135989,FALSE
mvtec/patchcore/gaussian/level2,toothbrush,-2.27184733698826,-2.35339362165821,FALSE
mvtec/patchcore/gaussian/level2,transistor,5.09357424010245,6.73586674648826,FALSE
mvtec/patchcore/gaussian/level2,wood,5.60789317818975,3.82300727378129,FALSE
mvtec/patchcore/gaussian/level2,zipper,-8.02505018497737,4.50644449184076,TRUE
mvtec/patchcore/gaussian/level3,bottle,-2.93469147208444,3.91993031296943,TRUE
mvtec/patchcore/gaussian/level3,cable,-4.45406202141956,3.84407577723523,FALSE
mvtec/patchcore/gaussian/level3,capsule,-1.5295179699541,4.19726354624007,FALSE
mvtec/patchcore/gaussian/level3,carpet,-3.28336954911702,3.59788489705195,TRUE
mvtec/patchcore/gaussian/level3,grid,-3.64411269961584,3.77120502160922,FALSE
mvtec/patchcore/gaussian/level3,hazelnut,5.49055583384644,5.51093189672766,FALSE
mvtec/patchcore/gaussian/level3,leather,6.40014712940353,4.93652010724465,FALSE
mvtec/patchcore/gaussian/level3,metal_nut,1.5108862517559,3.78224825263127,TRUE
mvtec/patchcore/gaussian/level3,pill,-1.9176641057244,4.45734500889284,FALSE
mvtec/patchcore/gaussian/level3,screw,-3.74866890916597,2.62406765873531,TRUE
mvtec/patchcore/gaussian/level3,tile,-6.18203200291291,3.92198849748993,TRUE
mvtec/patchcore/gaussian/level3,toothbrush,-1.85190622069432,-2.11805425949239,FALSE
mvtec/patchcore/gaussian/level3,transistor,4.0190394004096,6.59599628945735,FALSE
mvtec/patchcore/gaussian/level3,wood,-1.11796341841905,3.66203854646418,FALSE
mvtec/patchcore/gaussian/level3,zipper,-6.86633471268201,4.67473495004229,TRUE
mvtec/patchcore/defocus/level1,bottle,-6.16675583297192,-1.97863149130838,FALSE
mvtec/patchcore/defocus/level1,cable,0.928543214178579,-1.80009590776876,FALSE
mvtec/patchcore/defocus/level1,capsule,-6.3402292564384,-1.49033270844756,FALSE
mvtec/patchcore/defocus/level1,carpet,-6.24016959288826,-4.59982752661072,FALSE
mvtec/patchcore/defocus/level1,grid,3.91539872100619,1.02535067407808,FALSE
mvtec/patchcore/defocus/level1,hazelnut,-6.67250601447101,-4.18024346312757,FALSE
mvtec/patchcore/defocus/level1,leather,-2.2003748722642,-2.20647489641996,TRUE
mvtec/patchcore/defocus/level1,metal_nut,6.61808109846223,3.94457650381716,FALSE
mvtec/patchcore/defocus/level1,pill,9.08815384423226,3.2382421004777,FALSE
mvtec/patchcore/defocus/level1,screw,-4.79875192086062,-1.80769105379543,TRUE
mvtec/patchcore/defocus/level1,tile,-5.3592469851841,3.93985632663567,FALSE
mvtec/patchcore/defocus/level1,toothbrush,-0.567961834247065,1.01980390271856,FALSE
mvtec/patchcore/defocus/level1,transistor,4.02438150015681,4.09305126890434,FALSE
mvtec/patchcore/defocus/level1,wood,5.64540416934821,3.82300727378129,FALSE
mvtec/patchcore/defocus/level1,zipper,6.16405216945991,4.31945509383907,FALSE
mvtec/patchcore/defocus/level2,bottle,3.24206234933969,3.8825976433221,FALSE
mvtec/patchcore/defocus/level2,cable,1.11753491579222,4.13828500087056,FALSE
mvtec/patchcore/defocus/level2,capsule,-3.57369739172194,1.33825794227944,FALSE
mvtec/patchcore/defocus/level2,carpet,-5.19619115357319,-4.48597040961541,FALSE
mvtec/patchcore/defocus/level2,grid,5.86251592280386,3.80596267157796,FALSE
mvtec/patchcore/defocus/level2,hazelnut,4.57772254433886,4.63724757163669,FALSE
mvtec/patchcore/defocus/level2,leather,-4.6236208533206,-4.91782116744448,TRUE
mvtec/patchcore/defocus/level2,metal_nut,6.28680896338904,3.71731695215691,FALSE
mvtec/patchcore/defocus/level2,pill,9.18440117115026,4.25416119082365,FALSE
mvtec/patchcore/defocus/level2,screw,-2.47580928330773,4.43823789193502,TRUE
mvtec/patchcore/defocus/level2,tile,-5.42211444773757,4.33294856784195,FALSE
mvtec/patchcore/defocus/level2,toothbrush,-0.170388550274119,-0.392232270276368,FALSE
mvtec/patchcore/defocus/level2,transistor,5.0540430731699,5.40341660319386,FALSE
mvtec/patchcore/defocus/level2,wood,0.568916699236641,3.70228072829345,FALSE
mvtec/patchcore/defocus/level2,zipper,-4.62110858980702,2.22517383622013,TRUE
mvtec/patchcore/defocus/level3,bottle,-0.364276668465134,3.32260759861218,FALSE
mvtec/patchcore/defocus/level3,cable,-6.57713337143014,-0.274853353659317,TRUE
mvtec/patchcore/defocus/level3,capsule,-6.58439207550628,2.15946167958728,TRUE
mvtec/patchcore/defocus/level3,carpet,-4.1579757528637,-1.38905682734284,TRUE
mvtec/patchcore/defocus/level3,grid,-4.77606651339233,-0.677774174390597,FALSE
mvtec/patchcore/defocus/level3,hazelnut,3.89992360274956,5.51093189672766,FALSE
mvtec/patchcore/defocus/level3,leather,-5.04447542099893,-4.93652010724465,TRUE
mvtec/patchcore/defocus/level3,metal_nut,-4.45781228305585,-0.470751928439085,TRUE
mvtec/patchcore/defocus/level3,pill,9.07852911154046,4.45734500889284,FALSE
mvtec/patchcore/defocus/level3,screw,3.65779367483868,5.44898987900344,FALSE
mvtec/patchcore/defocus/level3,tile,-6.20246846346473,4.94045475879711,TRUE
mvtec/patchcore/defocus/level3,toothbrush,-2.48202091197609,0,FALSE
mvtec/patchcore/defocus/level3,transistor,5.33080920470996,6.53710346544434,FALSE
mvtec/patchcore/defocus/level3,wood,-3.56211096698017,2.9376792735372,FALSE
mvtec/patchcore/defocus/level3,zipper,-6.14084817068106,4.46904661224043,TRUE
mvtec/dinomaly/brightness/level1,bottle,-4.49104429004526,-2.12796216989769,FALSE
mvtec/dinomaly/brightness/level1,cable,2.24677809912182,-3.66600177345596,FALSE
mvtec/dinomaly/brightness/level1,capsule,-1.52220606074636,2.3115364457554,FALSE
mvtec/dinomaly/brightness/level1,carpet,-4.55976982394994,-3.3246278162632,FALSE
mvtec/dinomaly/brightness/level1,grid,-1.31493193866228,3.14556732217174,FALSE
mvtec/dinomaly/brightness/level1,hazelnut,-6.62759681930773,-2.59417038065473,FALSE
mvtec/dinomaly/brightness/level1,leather,-1.11365430909678,-4.93652010724465,FALSE
mvtec/dinomaly/brightness/level1,metal_nut,-1.13989903651149,-3.1329352478877,TRUE
mvtec/dinomaly/brightness/level1,pill,-4.05747129439963,-2.27311896464905,TRUE
mvtec/dinomaly/brightness/level1,screw,-8.04824636429901,-2.57223422350103,FALSE
mvtec/dinomaly/brightness/level1,tile,-6.02961877078546,-0.866589713568389,FALSE
mvtec/dinomaly/brightness/level1,toothbrush,0.62733435032427,-0.627571632442189,FALSE
mvtec/dinomaly/brightness/level1,transistor,-0.927449514327339,-3.51148463177584,FALSE
mvtec/dinomaly/brightness/level1,wood,-5.89664400430283,-0.84508581841481,FALSE
mvtec/dinomaly/brightness/level1,zipper,-6.15750783242657,-2.15037807701945,TRUE
mvtec/dinomaly/brightness/level2,bottle,-4.44312156134051,0.111998008941984,FALSE
mvtec/dinomaly/brightness/level2,cable,5.8408442784796,4.98220093182451,FALSE
mvtec/dinomaly/brightness/level2,capsule,0.618254497363715,2.12904672635366,FALSE
mvtec/dinomaly/brightness/level2,carpet,-7.1577544253032,2.34545661010349,FALSE
mvtec/dinomaly/brightness/level2,grid,-2.51465836003994,4.01450857139046,FALSE
mvtec/dinomaly/brightness/level2,hazelnut,-5.86681307846004,2.82267243490929,FALSE
mvtec/dinomaly/brightness/level2,leather,-0.92674729218543,-4.88042328784415,FALSE
mvtec/dinomaly/brightness/level2,metal_nut,0.689687444843232,-0.892805381522402,TRUE
mvtec/dinomaly/brightness/level2,pill,3.20954931961259,4.05097737275446,FALSE
mvtec/dinomaly/brightness/level2,screw,-6.65339378188672,2.49448407064961,FALSE
mvtec/dinomaly/brightness/level2,tile,-6.55587248006999,3.43955711055495,FALSE
mvtec/dinomaly/brightness/level2,toothbrush,3.13667175162135,1.80426844327129,FALSE
mvtec/dinomaly/brightness/level2,transistor,0.739271352000053,2.44405219654,FALSE
mvtec/dinomaly/brightness/level2,wood,-6.28680896338904,2.73646836439081,FALSE
mvtec/dinomaly/brightness/level2,zipper,-5.21080860159721,0.87885017060795,TRUE
mvtec/dinomaly/brightness/level3,bottle,-2.75897995257353,3.50927094684882,FALSE
mvtec/dinomaly/brightness/level3,cable,7.46459898789693,6.62357870579001,FALSE
mvtec/dinomaly/brightness/level3,capsule,5.03219858612178,4.01477382683833,FALSE
mvtec/dinomaly/brightness/level3,carpet,-7.24776334062567,4.44042756281728,TRUE
mvtec/dinomaly/brightness/level3,grid,-3.11054896668448,4.01450857139046,FALSE
mvtec/dinomaly/brightness/level3,hazelnut,-3.17480907238361,5.41684281556402,FALSE
mvtec/dinomaly/brightness/level3,leather,-0.0778779237130613,4.61863813064178,FALSE
mvtec/dinomaly/brightness/level3,metal_nut,5.15540891975196,4.10690475500305,FALSE
mvtec/dinomaly/brightness/level3,pill,9.58954476097138,4.45734500889284,FALSE
mvtec/dinomaly/brightness/level3,screw,-0.472022356785905,5.57857346708913,FALSE
mvtec/dinomaly/brightness/level3,tile,-6.9260339874481,5.01192607538007,TRUE
mvtec/dinomaly/brightness/level3,toothbrush,4.55588716710904,3.05941170815567,FALSE
mvtec/dinomaly/brightness/level3,transistor,2.98396800261839,6.38250980241018,FALSE
mvtec/dinomaly/brightness/level3,wood,-6.18374652136627,3.82300727378129,FALSE
mvtec/dinomaly/brightness/level3,zipper,-4.39139900470483,4.91782116744448,TRUE
mvtec/dinomaly/contrast/level1,bottle,-1.80052537847851,-0.597322714357246,FALSE
mvtec/dinomaly/contrast/level1,cable,1.16427495951027,-6.1358107823946,FALSE
mvtec/dinomaly/contrast/level1,capsule,0.563836008598204,2.1898766328209,FALSE
mvtec/dinomaly/contrast/level1,carpet,-1.27035310034675,-4.09885621183134,FALSE
mvtec/dinomaly/contrast/level1,grid,-4.73931662484621,3.66693207170297,FALSE
mvtec/dinomaly/contrast/level1,hazelnut,-6.67441428028297,-3.81732843578209,FALSE
mvtec/dinomaly/contrast/level1,leather,-0.813824302801491,-4.93652010724465,FALSE
mvtec/dinomaly/contrast/level1,metal_nut,-3.79519326273825,-3.00307264693899,TRUE
mvtec/dinomaly/contrast/level1,pill,-1.72980198982647,-2.27311896464905,TRUE
mvtec/dinomaly/contrast/level1,screw,-1.84831226224593,0.848772501961296,FALSE
mvtec/dinomaly/contrast/level1,tile,-5.4141695175544,-2.02799860804149,FALSE
mvtec/dinomaly/contrast/level1,toothbrush,-1.88200305097281,-1.72582198921602,FALSE
mvtec/dinomaly/contrast/level1,transistor,-2.06995978560015,-4.33598416795801,FALSE
mvtec/dinomaly/contrast/level1,wood,-5.77149675327518,-1.7304138186589,FALSE
mvtec/dinomaly/contrast/level1,zipper,-7.04586180887725,-4.43164873264009,FALSE
mvtec/dinomaly/contrast/level2,bottle,2.66998059926471,3.91993031296943,FALSE
mvtec/dinomaly/contrast/level2,cable,3.89779008183872,4.61056822828516,FALSE
mvtec/dinomaly/contrast/level2,capsule,8.52405161524202,4.19726354624007,FALSE
mvtec/dinomaly/contrast/level2,carpet,-3.89697690202989,1.25242828694846,TRUE
mvtec/dinomaly/contrast/level2,grid,-4.40561788512527,4.01450857139046,FALSE
mvtec/dinomaly/contrast/level2,hazelnut,-6.76804920223346,1.92210551520014,FALSE
mvtec/dinomaly/contrast/level2,leather,-1.77951055684345,-4.67473495004229,FALSE
mvtec/dinomaly/contrast/level2,metal_nut,-2.84495809952867,-2.48362224314414,TRUE
mvtec/dinomaly/contrast/level2,pill,-0.811905871489046,2.93346637337392,TRUE
mvtec/dinomaly/contrast/level2,screw,9.04002367574804,5.57857346708913,FALSE
mvtec/dinomaly/contrast/level2,tile,-4.94143313463779,5.01192607538007,FALSE
mvtec/dinomaly/contrast/level2,toothbrush,-1.36779456710046,0.313785816221094,FALSE
mvtec/dinomaly/contrast/level2,transistor,0.268825946181837,1.63427586636109,FALSE
mvtec/dinomaly/contrast/level2,wood,-5.02061324710928,2.97792145536647,FALSE
mvtec/dinomaly/contrast/level2,zipper,-4.24554940007997,-0.205688337801861,TRUE
mvtec/dinomaly/contrast/level3,bottle,6.27103135622173,3.91993031296943,FALSE
mvtec/dinomaly/contrast/level3,cable,7.44123561078301,6.62357870579001,FALSE
mvtec/dinomaly/contrast/level3,capsule,9.05916675476954,4.19726354624007,FALSE
mvtec/dinomaly/contrast/level3,carpet,-5.58259840715988,3.66619916724914,TRUE
mvtec/dinomaly/contrast/level3,grid,-4.82671391382074,4.01450857139046,FALSE
mvtec/dinomaly/contrast/level3,hazelnut,-4.7080809193228,4.83886703127307,FALSE
mvtec/dinomaly/contrast/level3,leather,-3.625217348843,4.58124025104144,TRUE
mvtec/dinomaly/contrast/level3,metal_nut,1.13606744311145,3.68485130191973,FALSE
mvtec/dinomaly/contrast/level3,pill,2.79587864744707,4.45734500889284,FALSE
mvtec/dinomaly/contrast/level3,screw,9.4669652456499,5.57857346708913,FALSE
mvtec/dinomaly/contrast/level3,tile,-3.87554638447675,5.01192607538007,FALSE
mvtec/dinomaly/contrast/level3,toothbrush,-2.2522331593609,2.9809652541004,FALSE
mvtec/dinomaly/contrast/level3,transistor,4.67757146356397,6.5812730834541,FALSE
mvtec/dinomaly/contrast/level3,wood,-3.56301585278723,3.82300727378129,FALSE
mvtec/dinomaly/contrast/level3,zipper,6.03287000948278,4.93652010724465,FALSE
mvtec/dinomaly/gaussian/level1,bottle,-6.32580018902716,3.91993031296943,FALSE
mvtec/dinomaly/gaussian/level1,cable,5.65393726156825,6.58486696583799,FALSE
mvtec/dinomaly/gaussian/level1,capsule,-0.240348325381004,4.1060186865392,FALSE
mvtec/dinomaly/gaussian/level1,carpet,-5.15710171654454,3.37017066306132,TRUE
mvtec/dinomaly/gaussian/level1,grid,-6.32835824256497,3.84072032154671,FALSE
mvtec/dinomaly/gaussian/level1,hazelnut,-6.2589093141277,5.30931243709129,FALSE
mvtec/dinomaly/gaussian/level1,leather,-2.01703822416829,4.7869285888433,FALSE
mvtec/dinomaly/gaussian/level1,metal_nut,-2.46563035292485,4.10690475500305,TRUE
mvtec/dinomaly/gaussian/level1,pill,0.855125195446638,4.45734500889284,TRUE
mvtec/dinomaly/gaussian/level1,screw,9.44575075770447,5.57857346708913,FALSE
mvtec/dinomaly/gaussian/level1,tile,-2.06933661955951,4.86898344221415,FALSE
mvtec/dinomaly/gaussian/level1,toothbrush,-3.77429027162307,2.9809652541004,FALSE
mvtec/dinomaly/gaussian/level1,transistor,4.39530422007304,6.72850514348663,FALSE
mvtec/dinomaly/gaussian/level1,wood,-5.69051912025729,0.523148363780597,FALSE
mvtec/dinomaly/gaussian/level1,zipper,-1.34446817354188,4.93652010724465,FALSE
mvtec/dinomaly/gaussian/level2,bottle,-3.87489492098417,3.91993031296943,FALSE
mvtec/dinomaly/gaussian/level2,cable,7.66708158955089,6.62357870579001,FALSE
mvtec/dinomaly/gaussian/level2,capsule,6.91870619665947,4.19726354624007,FALSE
mvtec/dinomaly/gaussian/level2,carpet,-5.40667189084777,3.43848493325851,FALSE
mvtec/dinomaly/gaussian/level2,grid,-5.01739890794699,4.01450857139046,FALSE
mvtec/dinomaly/gaussian/level2,hazelnut,-3.08117415043313,5.51093189672766,FALSE
mvtec/dinomaly/gaussian/level2,leather,-2.29350485334966,4.93652010724465,TRUE
mvtec/dinomaly/gaussian/level2,metal_nut,1.33531029991346,4.10690475500305,FALSE
mvtec/dinomaly/gaussian/level2,pill,7.58293329151176,4.45734500889284,FALSE
mvtec/dinomaly/gaussian/level2,screw,9.4669652456499,5.57857346708913,FALSE
mvtec/dinomaly/gaussian/level2,tile,-0.151632424709102,5.01192607538007,FALSE
mvtec/dinomaly/gaussian/level2,toothbrush,-2.33450651678048,3.05941170815567,FALSE
mvtec/dinomaly/gaussian/level2,transistor,5.47060800480039,6.73586674648826,FALSE
mvtec/dinomaly/gaussian/level2,wood,-5.61690309024103,2.21332000061022,FALSE
mvtec/dinomaly/gaussian/level2,zipper,2.68098091410422,4.93652010724465,FALSE
mvtec/dinomaly/gaussian/level3,bottle,2.38245120601157,3.91993031296943,FALSE
mvtec/dinomaly/gaussian/level3,cable,8.24337822502754,6.62357870579001,FALSE
mvtec/dinomaly/gaussian/level3,capsule,9.0621900041454,4.19726354624007,FALSE
mvtec/dinomaly/gaussian/level3,carpet,-5.10800594455047,4.5542846798126,FALSE
mvtec/dinomaly/gaussian/level3,grid,-4.14342601820167,4.01450857139046,FALSE
mvtec/dinomaly/gaussian/level3,hazelnut,3.13969597665218,5.51093189672766,FALSE
mvtec/dinomaly/gaussian/level3,leather,-1.74446549117257,4.93652010724465,TRUE
mvtec/dinomaly/gaussian/level3,metal_nut,7.55781798157617,4.10690475500305,FALSE
mvtec/dinomaly/gaussian/level3,pill,10.2193120529249,4.45734500889284,FALSE
mvtec/dinomaly/gaussian/level3,screw,9.4669652456499,5.57857346708913,FALSE
mvtec/dinomaly/gaussian/level3,tile,-0.111494429933163,5.01192607538007,FALSE
mvtec/dinomaly/gaussian/level3,toothbrush,-0.956427780002576,3.05941170815567,FALSE
mvtec/dinomaly/gaussian/level3,transistor,5.51093189672766,6.73586674648826,FALSE
mvtec/dinomaly/gaussian/level3,wood,-5.21201492515157,3.82300727378129,FALSE
mvtec/dinomaly/gaussian/level3,zipper,5.98778922259873,4.93652010724465,FALSE
mvtec/dinomaly/defocus/level1,bottle,-2.46459747624435,2.5386215360183,FALSE
mvtec/dinomaly/defocus/level1,cable,-2.72183343377149,-4.26216256871701,FALSE
mvtec/dinomaly/defocus/level1,capsule,0.294766814146514,3.68020934126847,FALSE
mvtec/dinomaly/defocus/level1,carpet,-3.70877644271926,4.53151325641353,FALSE
mvtec/dinomaly/defocus/level1,grid,-6.23301574550185,0.747289474328094,FALSE
mvtec/dinomaly/defocus/level1,hazelnut,-4.4915501623123,-0.255384648872745,FALSE
mvtec/dinomaly/defocus/level1,leather,-3.55512721750125,-3.98287417743603,FALSE
mvtec/dinomaly/defocus/level1,metal_nut,-3.65725590033686,-1.08759928294547,TRUE
mvtec/dinomaly/defocus/level1,pill,0.416757877060777,-0.800036283647432,TRUE
mvtec/dinomaly/defocus/level1,screw,-5.76106191470574,-0.0712709734471317,FALSE
mvtec/dinomaly/defocus/level1,tile,-1.71255444377339,-0.54496878894507,FALSE
mvtec/dinomaly/defocus/level1,toothbrush,-3.01326171549199,0.0784464540552736,FALSE
mvtec/dinomaly/defocus/level1,transistor,1.74736865018194,3.61454707379862,FALSE
mvtec/dinomaly/defocus/level1,wood,-4.71878752404259,2.21332000061022,FALSE
mvtec/dinomaly/defocus/level1,zipper,-6.52080323222776,-2.82353990982554,TRUE
mvtec/dinomaly/defocus/level2,bottle,-3.78589556767535,3.84526497367477,FALSE
mvtec/dinomaly/defocus/level2,cable,-3.3020239654338,5.23769841550782,FALSE
mvtec/dinomaly/defocus/level2,capsule,1.28941585880501,4.16684859300644,FALSE
mvtec/dinomaly/defocus/level2,carpet,-3.69650249972074,4.59982752661072,FALSE
mvtec/dinomaly/defocus/level2,grid,-5.74835805209762,3.66693207170297,FALSE
mvtec/dinomaly/defocus/level2,hazelnut,-3.7132098735989,5.17489946400037,FALSE
mvtec/dinomaly/defocus/level2,leather,-4.62205477237019,4.84302540824381,FALSE
mvtec/dinomaly/defocus/level2,metal_nut,-1.78743832111801,4.10690475500305,TRUE
mvtec/dinomaly/defocus/level2,pill,3.76111021583329,4.40654905437554,TRUE
mvtec/dinomaly/defocus/level2,screw,2.96737650136757,5.53969839066342,FALSE
mvtec/dinomaly/defocus/level2,tile,0.249747523050285,4.99405824623433,FALSE
mvtec/dinomaly/defocus/level2,toothbrush,-4.41190879162479,2.90251880004512,FALSE
mvtec/dinomaly/defocus/level2,transistor,4.2877738416003,6.65488911347036,FALSE
mvtec/dinomaly/defocus/level2,wood,-4.67461790603283,2.45477309158588,FALSE
mvtec/dinomaly/defocus/level2,zipper,-4.7653043547431,4.58124025104144,TRUE
mvtec/dinomaly/defocus/level3,bottle,-1.99221629329751,3.91993031296943,FALSE
mvtec/dinomaly/defocus/level3,cable,4.81285568546719,6.62357870579001,FALSE
mvtec/dinomaly/defocus/level3,capsule,4.12824702273913,4.19726354624007,FALSE
mvtec/dinomaly/defocus/level3,carpet,-6.49087018905031,4.62259895000979,FALSE
mvtec/dinomaly/defocus/level3,grid,-4.80287828955496,4.01450857139046,FALSE
mvtec/dinomaly/defocus/level3,hazelnut,-2.0453378263559,5.51093189672766,FALSE
mvtec/dinomaly/defocus/level3,leather,-3.65636851832823,4.93652010724465,FALSE
mvtec/dinomaly/defocus/level3,metal_nut,3.13232760453157,4.10690475500305,FALSE
mvtec/dinomaly/defocus/level3,pill,9.05033224302428,4.45734500889284,FALSE
mvtec/dinomaly/defocus/level3,screw,9.4669652456499,5.57857346708913,FALSE
mvtec/dinomaly/defocus/level3,tile,-1.12386385372628,5.01192607538007,FALSE
mvtec/dinomaly/defocus/level3,toothbrush,-3.85656362904264,3.05941170815567,FALSE
mvtec/dinomaly/defocus/level3,transistor,5.51093189672766,6.73586674648826,FALSE
mvtec/dinomaly/defocus/level3,wood,-4.25500653494012,3.82300727378129,FALSE
mvtec/dinomaly/defocus/level3,zipper,4.95093112426565,4.93652010724465,FALSE
visa/patchcore/brightness/level1,candle,3.83692585744758,0.893964459337668,FALSE
visa/patchcore/brightness/level1,capsules,0.535430876543682,0.905477169200061,TRUE
visa/patchcore/brightness/level1,cashew,-0.839107601674221,-2.61121188144658,FALSE
visa/patchcore/brightness/level1,chewinggum,-3.81751551564929,-4.38741515755073,FALSE
visa/patchcore/brightness/level1,fryum,-4.03833505968488,-1.66519057134764,TRUE
visa/patchcore/brightness/level1,macaroni1,-3.84831132743032,-2.82630302144447,TRUE
visa/patchcore/brightness/level1,macaroni2,4.16767492807186,5.25689646070352,FALSE
visa/patchcore/brightness/level1,pcb1,0.0762784080415482,3.19076545486675,FALSE
visa/patchcore/brightness/level1,pcb2,-7.71422635616139,-8.21415805137572,TRUE
visa/patchcore/brightness/level1,pcb3,6.87376327187094,6.39755190754887,FALSE
visa/patchcore/brightness/level1,pcb4,-6.23517334991367,-6.09266460456799,FALSE
visa/patchcore/brightness/level1,pipe_fryum,0.360183503532946,4.3101889281549,FALSE
visa/patchcore/brightness/level2,candle,6.02406786955529,5.01651594682176,FALSE
visa/patchcore/brightness/level2,capsules,-0.341705274281028,-1.56065983634482,TRUE
visa/patchcore/brightness/level2,cashew,-3.20087782257451,-2.49537253735283,FALSE
visa/patchcore/brightness/level2,chewinggum,-7.89983361496396,-6.15396515498039,FALSE
visa/patchcore/brightness/level2,fryum,0.665350158219619,4.59013400971479,TRUE
visa/patchcore/brightness/level2,macaroni1,0.725044163139045,-3.65150098391001,TRUE
visa/patchcore/brightness/level2,macaroni2,-2.78802966892759,-5.07139104753293,FALSE
visa/patchcore/brightness/level2,pcb1,-2.74224109393002,3.03947916174807,FALSE
visa/patchcore/brightness/level2,pcb2,-7.31780154388848,-8.26917124887343,FALSE
visa/patchcore/brightness/level2,pcb3,5.27563601183225,3.30125196394301,FALSE
visa/patchcore/brightness/level2,pcb4,-8.05436728551301,-8.72485832030295,TRUE
visa/patchcore/brightness/level2,pipe_fryum,-6.17171309116522,-2.32161352121221,TRUE
visa/patchcore/brightness/level3,candle,-4.60270566312122,-2.68533170285661,TRUE
visa/patchcore/brightness/level3,capsules,4.58713443959077,5.2488229401597,FALSE
visa/patchcore/brightness/level3,cashew,-5.5611950543919,-2.74635778288929,FALSE
visa/patchcore/brightness/level3,chewinggum,-6.52031708459956,-6.08639220425904,FALSE
visa/patchcore/brightness/level3,fryum,-7.60016780733126,-4.08816351864188,TRUE
visa/patchcore/brightness/level3,macaroni1,5.23003320656378,2.34493754333957,FALSE
visa/patchcore/brightness/level3,macaroni2,4.5120127426419,-0.153572750234996,FALSE
visa/patchcore/brightness/level3,pcb1,-2.25441702904118,5.40160832930568,FALSE
visa/patchcore/brightness/level3,pcb2,-2.03049755221508,-3.67213093297165,FALSE
visa/patchcore/brightness/level3,pcb3,-0.466657752367125,-2.5932358936874,TRUE
visa/patchcore/brightness/level3,pcb4,4.87782407450939,5.34060925721514,FALSE
visa/patchcore/brightness/level3,pipe_fryum,-1.4755436349789,5.05349138608978,FALSE
visa/patchcore/contrast/level1,candle,5.25675985063164,3.91625199686771,FALSE
visa/patchcore/contrast/level1,capsules,-0.553976732546516,-0.596289843131747,TRUE
visa/patchcore/contrast/level1,cashew,-2.42897182988834,-3.18075532324085,FALSE
visa/patchcore/contrast/level1,chewinggum,-6.33306695293927,-6.14431187630592,FALSE
visa/patchcore/contrast/level1,fryum,-7.68844836916278,-5.80644712269915,TRUE
visa/patchcore/contrast/level1,macaroni1,-4.36285879804512,1.13464719839012,TRUE
visa/patchcore/contrast/level1,macaroni2,5.55470236771917,6.16050859247258,FALSE
visa/patchcore/contrast/level1,pcb1,0.644899267987635,2.20052789990811,FALSE
visa/patchcore/contrast/level1,pcb2,-5.95497210656512,-6.51906390347776,FALSE
visa/patchcore/contrast/level1,pcb3,7.54116300830755,7.6746909433688,FALSE
visa/patchcore/contrast/level1,pcb4,-5.4451270828216,-6.69566393713018,FALSE
visa/patchcore/contrast/level1,pipe_fryum,3.15530660735277,4.2619225347825,FALSE
visa/patchcore/contrast/level2,candle,3.48483419733512,5.63885274351452,FALSE
visa/patchcore/contrast/level2,capsules,-5.54450799423093,-4.23292172593524,TRUE
visa/patchcore/contrast/level2,cashew,-7.70558153297275,-6.07673892558456,TRUE
visa/patchcore/contrast/level2,chewinggum,-2.7163091169043,-4.96661187801947,FALSE
visa/patchcore/contrast/level2,fryum,-6.37906196568091,-4.10747007599084,TRUE
visa/patchcore/contrast/level2,macaroni1,-8.32563413173099,-8.07662505763147,TRUE
visa/patchcore/contrast/level2,macaroni2,3.52273953128441,4.74662137452805,FALSE
visa/patchcore/contrast/level2,pcb1,-0.196474687379745,2.65438677926415,FALSE
visa/patchcore/contrast/level2,pcb2,-6.24700698599156,-8.17633647809605,TRUE
visa/patchcore/contrast/level2,pcb3,3.5867060665641,1.31609685786748,TRUE
visa/patchcore/contrast/level2,pcb4,-8.1261510645001,-8.72485832030295,TRUE
visa/patchcore/contrast/level2,pipe_fryum,-5.9181243408523,-2.0513217183268,TRUE
visa/patchcore/contrast/level3,candle,5.2090512273525,6.67378852144005,FALSE
visa/patchcore/contrast/level3,capsules,-5.71349910506183,-6.22791613937603,TRUE
visa/patchcore/contrast/level3,cashew,-7.17594390874495,-2.81393073361064,TRUE
visa/patchcore/contrast/level3,chewinggum,-5.63898789924591,-6.08639220425904,FALSE
visa/patchcore/contrast/level3,fryum,-3.78259183039063,-1.20183319497264,TRUE
visa/patchcore/contrast/level3,macaroni1,0.879768227729512,-4.19131798435622,TRUE
visa/patchcore/contrast/level3,macaroni2,-3.08251689033107,-4.77496999042669,FALSE
visa/patchcore/contrast/level3,pcb1,-4.53731551714703,-0.725486542000953,FALSE
visa/patchcore/contrast/level3,pcb2,-3.45362987843436,-5.72137253976107,FALSE
visa/patchcore/contrast/level3,pcb3,1.32110152430693,1.29238340096897,TRUE
visa/patchcore/contrast/level3,pcb4,-0.863331694603431,-0.516614596717608,FALSE
visa/patchcore/contrast/level3,pipe_fryum,-3.67039663339973,5.38170286102207,TRUE
visa/patchcore/gaussian/level1,candle,2.71085233052732,5.71793421491747,TRUE
visa/patchcore/gaussian/level1,capsules,-7.93394363404389,-6.71380467768134,TRUE
visa/patchcore/gaussian/level1,cashew,-5.24277934936399,-5.68095449993092,FALSE
visa/patchcore/gaussian/level1,chewinggum,-5.71260392926217,-6.14431187630592,FALSE
visa/patchcore/gaussian/level1,fryum,-7.91345401774838,-6.15396515498039,TRUE
visa/patchcore/gaussian/level1,macaroni1,-3.64321198599644,-4.82053143073619,TRUE
visa/patchcore/gaussian/level1,macaroni2,2.1451850057122,2.21650740557469,FALSE
visa/patchcore/gaussian/level1,pcb1,6.91822046267739,7.94940703841803,FALSE
visa/patchcore/gaussian/level1,pcb2,-7.12734401382777,-7.48867150937477,FALSE
visa/patchcore/gaussian/level1,pcb3,-4.06285702676447,-3.6603414541205,TRUE
visa/patchcore/gaussian/level1,pcb4,7.52120003484649,5.86230530898243,FALSE
visa/patchcore/gaussian/level1,pipe_fryum,-0.700257930067228,3.94336433852469,FALSE
visa/patchcore/gaussian/level2,candle,-6.08002570660691,1.8773253646091,TRUE
visa/patchcore/gaussian/level2,capsules,-4.33584362178612,-3.18757409970428,TRUE
visa/patchcore/gaussian/level2,cashew,-6.85021777509354,-5.55546187716269,TRUE
visa/patchcore/gaussian/level2,chewinggum,3.82724189957629,-4.63840040308718,FALSE
visa/patchcore/gaussian/level2,fryum,0.179538931583072,-1.89686925953513,FALSE
visa/patchcore/gaussian/level2,macaroni1,-3.52806849606866,-3.51740631500936,TRUE
visa/patchcore/gaussian/level2,macaroni2,4.81836732006063,4.1115613585642,FALSE
visa/patchcore/gaussian/level2,pcb1,6.4420582791453,8.12819993028556,FALSE
visa/patchcore/gaussian/level2,pcb2,-6.45016168472299,-4.73457330964603,FALSE
visa/patchcore/gaussian/level2,pcb3,-0.21792644455073,-0.259154207533751,TRUE
visa/patchcore/gaussian/level2,pcb4,2.54616323466863,-0.421760769123556,FALSE
visa/patchcore/gaussian/level2,pipe_fryum,-0.736845990887661,1.29836598171743,FALSE
visa/patchcore/gaussian/level3,candle,-6.69913229454668,5.60103117023485,TRUE
visa/patchcore/gaussian/level3,capsules,-0.537577650313914,1.9729096044359,TRUE
visa/patchcore/gaussian/level3,cashew,-2.38598080056969,2.62086516012106,TRUE
visa/patchcore/gaussian/level3,chewinggum,-6.34665153454011,-4.65770696043614,FALSE
visa/patchcore/gaussian/level3,fryum,-0.0736232712228094,0.748129097272126,FALSE
visa/patchcore/gaussian/level3,macaroni1,-6.50590014631891,-3.33861342314183,TRUE
visa/patchcore/gaussian/level3,macaroni2,3.40715916244643,3.18388880517954,FALSE
visa/patchcore/gaussian/level3,pcb1,-2.47437317250308,3.74089742984378,FALSE
visa/patchcore/gaussian/level3,pcb2,-1.16390712814883,3.30079184986216,FALSE
visa/patchcore/gaussian/level3,pcb3,-2.70137988557676,2.83037046267254,TRUE
visa/patchcore/gaussian/level3,pcb4,-2.57548565195848,1.02476010168575,TRUE
visa/patchcore/gaussian/level3,pipe_fryum,-6.04745787957477,2.17681434109503,TRUE
visa/patchcore/defocus/level1,candle,1.89089134291906,0.471050503574079,FALSE
visa/patchcore/defocus/level1,capsules,-6.96119359442432,-6.20583133037115,TRUE
visa/patchcore/defocus/level1,cashew,-7.67113355741322,-6.12500531895696,TRUE
visa/patchcore/defocus/level1,chewinggum,-3.59439718446517,-4.14608319068875,FALSE
visa/patchcore/defocus/level1,fryum,-7.86592189592086,-6.15396515498039,TRUE
visa/patchcore/defocus/level1,macaroni1,-0.282461373729107,3.45895479266805,TRUE
visa/patchcore/defocus/level1,macaroni2,5.24026743092796,5.65023350629711,FALSE
visa/patchcore/defocus/level1,pcb1,-0.672636870911834,0.144409643431469,FALSE
visa/patchcore/defocus/level1,pcb2,-6.37026998451083,-7.17234562376298,FALSE
visa/patchcore/defocus/level1,pcb3,7.50030179995429,8.06088152714458,FALSE
visa/patchcore/defocus/level1,pcb4,-8.3739473757844,-8.72485832030295,TRUE
visa/patchcore/defocus/level1,pipe_fryum,-5.7511653537973,-2.40849302928252,TRUE
visa/patchcore/defocus/level2,candle,-5.22258618388029,-3.61024108578673,TRUE
visa/patchcore/defocus/level2,capsules,-6.60807251252928,-5.88192079829958,TRUE
visa/patchcore/defocus/level2,cashew,-0.773381157678851,-1.24044630967056,FALSE
visa/patchcore/defocus/level2,chewinggum,-4.35684507207899,-5.35274302499863,FALSE
visa/patchcore/defocus/level2,fryum,-7.74120752827743,-6.11535204028248,TRUE
visa/patchcore/defocus/level2,macaroni1,4.72268220406947,4.12255148748409,FALSE
visa/patchcore/defocus/level2,macaroni2,7.40559920882805,7.91457920120075,FALSE
visa/patchcore/defocus/level2,pcb1,-3.80463251111483,2.93976774128348,FALSE
visa/patchcore/defocus/level2,pcb2,-8.27598126742475,-8.02848850982098,TRUE
visa/patchcore/defocus/level2,pcb3,6.36980836884738,8.04733098034543,FALSE
visa/patchcore/defocus/level2,pcb4,-7.14646791643951,-6.51611919204144,FALSE
visa/patchcore/defocus/level2,pipe_fryum,-4.74830148121537,0.371651228967443,TRUE
visa/patchcore/defocus/level3,candle,-2.32362398799507,5.48412812555223,TRUE
visa/patchcore/defocus/level3,capsules,-4.02464925398314,-2.39252097552862,TRUE
visa/patchcore/defocus/level3,cashew,-5.57828943600059,-2.07062827567576,TRUE
visa/patchcore/defocus/level3,chewinggum,-6.73413570678212,-5.65199466390748,FALSE
visa/patchcore/defocus/level3,fryum,-4.28684798643472,2.27334712783982,TRUE
visa/patchcore/defocus/level3,macaroni1,-3.10948880638176,-4.33572762778769,TRUE
visa/patchcore/defocus/level3,macaroni2,-3.27979034591186,-3.95751189499098,TRUE
visa/patchcore/defocus/level3,pcb1,2.13386310289256,8.31386947184031,FALSE
visa/patchcore/defocus/level3,pcb2,-6.63740821878112,-0.931786032617338,TRUE
visa/patchcore/defocus/level3,pcb3,-2.60297515321712,1.80391654263689,TRUE
visa/patchcore/defocus/level3,pcb4,-6.41761938695287,-1.63453470764751,TRUE
visa/patchcore/defocus/level3,pipe_fryum,0.143888615767239,4.70597335380854,FALSE
visa/dinomaly/brightness/level1,candle,0.357585783735067,4.09160656389163,FALSE
visa/dinomaly/brightness/level1,capsules,-1.62288932618223,-5.3886933971906,FALSE
visa/dinomaly/brightness/level1,cashew,-5.74544081366632,-5.19829056620697,FALSE
visa/dinomaly/brightness/level1,chewinggum,-4.79302483198734,-3.33520778203251,FALSE
visa/dinomaly/brightness/level1,fryum,-0.625775121536367,-1.55900450592837,FALSE
visa/dinomaly/brightness/level1,macaroni1,-2.04924160678942,0.842389586683572,FALSE
visa/dinomaly/brightness/level1,macaroni2,0.653281720285219,-0.591391873100303,TRUE
visa/dinomaly/brightness/level1,pcb1,-2.03204998257139,-6.56720045128825,FALSE
visa/dinomaly/brightness/level1,pcb2,-1.05556572698717,-5.70761924038665,FALSE
visa/dinomaly/brightness/level1,pcb3,-5.63541441867091,-5.71663693089157,FALSE
visa/dinomaly/brightness/level1,pcb4,-6.78725324127906,-4.71050883105465,FALSE
visa/dinomaly/brightness/level1,pipe_fryum,-3.96095021983459,3.51862007684761,FALSE
visa/dinomaly/brightness/level2,candle,2.43433398927334,7.64683445218067,FALSE
visa/dinomaly/brightness/level2,capsules,4.83428473011062,3.84275676684904,FALSE
visa/dinomaly/brightness/level2,cashew,1.21029034494946,-2.49537253735283,FALSE
visa/dinomaly/brightness/level2,chewinggum,-4.03315504155032,-2.12854794772263,FALSE
visa/dinomaly/brightness/level2,fryum,4.00221011795787,5.56511515583717,FALSE
visa/dinomaly/brightness/level2,macaroni1,3.85436214968279,6.18554639364794,FALSE
visa/dinomaly/brightness/level2,macaroni2,7.75342252233246,8.02161186013377,FALSE
visa/dinomaly/brightness/level2,pcb1,2.26585607193663,4.49045224574998,FALSE
visa/dinomaly/brightness/level2,pcb2,4.97181772385488,7.80499739498656,FALSE
visa/dinomaly/brightness/level2,pcb3,0.918032733242913,7.81697168475987,FALSE
visa/dinomaly/brightness/level2,pcb4,-1.81543551742419,7.46126983128218,FALSE
visa/dinomaly/brightness/level2,pipe_fryum,3.68244590750247,6.09604548293352,FALSE
visa/dinomaly/brightness/level3,candle,8.4170192171485,8.6817702301062,FALSE
visa/dinomaly/brightness/level3,capsules,8.45827911527178,6.73586674648826,FALSE
visa/dinomaly/brightness/level3,cashew,7.95972201294885,5.57476843451165,FALSE
visa/dinomaly/brightness/level3,chewinggum,0.543255325289813,5.58442171318613,FALSE
visa/dinomaly/brightness/level3,fryum,8.255417949499,6.15396515498039,FALSE
visa/dinomaly/brightness/level3,macaroni1,8.48922403886424,8.67833190526259,FALSE
visa/dinomaly/brightness/level3,macaroni2,8.6817702301062,8.6817702301062,FALSE
visa/dinomaly/brightness/level3,pcb1,7.46116491062592,8.67145525557538,FALSE
visa/dinomaly/brightness/level3,pcb2,8.32762277121474,8.6817702301062,FALSE
visa/dinomaly/brightness/level3,pcb3,8.43421084136653,8.72485832030295,FALSE
visa/dinomaly/brightness/level3,pcb4,6.29901111348695,8.72147068360316,FALSE
visa/dinomaly/brightness/level3,pipe_fryum,8.24166465012457,6.15396515498039,FALSE
visa/dinomaly/contrast/level1,candle,1.77761394414452,2.358690842714,FALSE
visa/dinomaly/contrast/level1,capsules,-4.61767026496341,-6.42667942041994,FALSE
visa/dinomaly/contrast/level1,cashew,-2.34493754333957,-4.69632007513406,FALSE
visa/dinomaly/contrast/level1,chewinggum,-2.00798319232503,-5.2755167956028,FALSE
visa/dinomaly/contrast/level1,fryum,-4.49732889543719,-5.5071954837903,FALSE
visa/dinomaly/contrast/level1,macaroni1,-2.26241774709302,-1.70540912242878,FALSE
visa/dinomaly/contrast/level1,macaroni2,1.3925215616606,-2.55811368364317,FALSE
visa/dinomaly/contrast/level1,pcb1,-6.58439207550628,-8.35856769480719,FALSE
visa/dinomaly/contrast/level1,pcb2,-5.87265883287976,-8.22447302590654,FALSE
visa/dinomaly/contrast/level1,pcb3,-5.52882634851911,-6.53644501224016,FALSE
visa/dinomaly/contrast/level1,pcb4,-6.97636110767741,-6.46869227824441,FALSE
visa/dinomaly/contrast/level1,pipe_fryum,-4.60047864074538,1.76172335809243,FALSE
visa/dinomaly/contrast/level2,candle,2.64751012957694,5.5219496988319,FALSE
visa/dinomaly/contrast/level2,capsules,0.00687664968721283,-0.250294502055301,FALSE
visa/dinomaly/contrast/level2,cashew,3.60336443609952,-0.197892212826821,FALSE
visa/dinomaly/contrast/level2,chewinggum,-1.32031673994486,-3.69237909298824,FALSE
visa/dinomaly/contrast/level2,fryum,-2.63375683020251,-0.921888113412749,FALSE
visa/dinomaly/contrast/level2,macaroni1,1.10370227479766,4.35979590169293,FALSE
visa/dinomaly/contrast/level2,macaroni2,6.78381491643546,6.51906390347776,FALSE
visa/dinomaly/contrast/level2,pcb1,-1.70197079758517,-2.00798319232503,FALSE
visa/dinomaly/contrast/level2,pcb2,-0.694541618408496,0.780499739498656,FALSE
visa/dinomaly/contrast/level2,pcb3,-2.03204998257139,6.15364206516417,FALSE
visa/dinomaly/contrast/level2,pcb4,-4.43200072340867,5.74712566118965,FALSE
visa/dinomaly/contrast/level2,pipe_fryum,0.113464719839012,5.53615531981374,FALSE
visa/dinomaly/contrast/level3,candle,3.19420377971036,8.63707200713931,FALSE
visa/dinomaly/contrast/level3,capsules,6.40903750848236,6.721143540485,FALSE
visa/dinomaly/contrast/level3,cashew,7.21016719704265,5.34308974632415,FALSE
visa/dinomaly/contrast/level3,chewinggum,4.09848321357885,6.15396515498039,FALSE
visa/dinomaly/contrast/level3,fryum,1.25155024307273,5.81610040137363,FALSE
visa/dinomaly/contrast/level3,macaroni1,6.64284359784759,8.41014256746129,FALSE
visa/dinomaly/contrast/level3,macaroni2,8.34825272027637,8.67833190526259,FALSE
visa/dinomaly/contrast/level3,pcb1,7.51961643296723,8.64394865682653,FALSE
visa/dinomaly/contrast/level3,pcb2,6.78725324127906,8.6817702301062,FALSE
visa/dinomaly/contrast/level3,pcb3,5.65948269257616,8.72485832030295,FALSE
visa/dinomaly/contrast/level3,pcb4,5.71449589007386,8.67065613310635,FALSE
visa/dinomaly/contrast/level3,pipe_fryum,7.48179485968756,6.11535204028248,FALSE
visa/dinomaly/gaussian/level1,candle,-2.85380962019332,7.99410526138491,FALSE
visa/dinomaly/gaussian/level1,capsules,2.58905860723563,6.66961231947362,FALSE
visa/dinomaly/gaussian/level1,cashew,-1.74666902055206,3.23867499528772,FALSE
visa/dinomaly/gaussian/level1,chewinggum,-2.17302130115925,6.12500531895696,FALSE
visa/dinomaly/gaussian/level1,fryum,-1.20685202010585,1.06668729352993,FALSE
visa/dinomaly/gaussian/level1,macaroni1,7.08294917782921,8.48578571402063,FALSE
visa/dinomaly/gaussian/level1,macaroni2,7.076072528142,8.51329231276948,FALSE
visa/dinomaly/gaussian/level1,pcb1,2.63031850535891,6.73911669346857,FALSE
visa/dinomaly/gaussian/level1,pcb2,1.59194440258977,4.25664615638474,FALSE
visa/dinomaly/gaussian/level1,pcb3,5.53226467336272,3.6874425477188,FALSE
visa/dinomaly/gaussian/level1,pcb4,-2.05611825647664,3.83649856250945,FALSE
visa/dinomaly/gaussian/level1,pipe_fryum,0.72892486684456,4.80250614055333,FALSE
visa/dinomaly/gaussian/level2,candle,4.01596341733229,8.61644205807768,FALSE
visa/dinomaly/gaussian/level2,capsules,6.37121593520269,6.73586674648826,FALSE
visa/dinomaly/gaussian/level2,cashew,3.74089742984378,5.89332663076946,FALSE
visa/dinomaly/gaussian/level2,chewinggum,0.240682739052449,6.15396515498039,FALSE
visa/dinomaly/gaussian/level2,fryum,2.59593525692284,5.90297990944394,FALSE
visa/dinomaly/gaussian/level2,macaroni1,8.66114028104456,8.6817702301062,FALSE
visa/dinomaly/gaussian/level2,macaroni2,8.63707200713931,8.6817702301062,FALSE
visa/dinomaly/gaussian/level2,pcb1,4.22226290794868,8.67489358041898,FALSE
visa/dinomaly/gaussian/level2,pcb2,4.31853600356966,7.80155907014295,FALSE
visa/dinomaly/gaussian/level2,pcb3,6.82163648971513,8.51143720821633,FALSE
visa/dinomaly/gaussian/level2,pcb4,3.4864613914169,8.39625756042355,FALSE
visa/dinomaly/gaussian/level2,pipe_fryum,5.11278904244274,6.06708564691008,FALSE
visa/dinomaly/gaussian/level3,candle,8.3069928221531,8.6817702301062,FALSE
visa/dinomaly/gaussian/level3,capsules,8.24510297496818,6.73586674648826,FALSE
visa/dinomaly/gaussian/level3,cashew,7.89095551607672,6.15396515498039,FALSE
visa/dinomaly/gaussian/level3,chewinggum,2.35181419302679,6.15396515498039,FALSE
visa/dinomaly/gaussian/level3,fryum,6.55344715191383,6.15396515498039,FALSE
visa/dinomaly/gaussian/level3,macaroni1,8.6817702301062,8.6817702301062,FALSE
visa/dinomaly/gaussian/level3,macaroni2,8.6817702301062,8.6817702301062,FALSE
visa/dinomaly/gaussian/level3,pcb1,5.33628015727716,8.6817702301062,FALSE
visa/dinomaly/gaussian/level3,pcb2,7.78092912108132,8.6817702301062,FALSE
visa/dinomaly/gaussian/level3,pcb3,8.40670424261768,8.72485832030295,FALSE
visa/dinomaly/gaussian/level3,pcb4,7.99066693654131,8.72485832030295,FALSE
visa/dinomaly/gaussian/level3,pipe_fryum,8.28636287309146,6.15396515498039,FALSE
visa/dinomaly/defocus/level1,candle,2.99134261393758,6.81132654793816,FALSE
visa/dinomaly/defocus/level1,capsules,-0.488242127792111,1.39134296730741,FALSE
visa/dinomaly/defocus/level1,cashew,-0.519187051384569,-5.07279794343874,FALSE
visa/dinomaly/defocus/level1,chewinggum,0.113464719839012,-1.64588401399868,FALSE
visa/dinomaly/defocus/level1,fryum,-1.16903044682618,0.091706147407551,FALSE
visa/dinomaly/defocus/level1,macaroni1,3.45551646782445,5.06809081947585,FALSE
visa/dinomaly/defocus/level1,macaroni2,-2.31399261974712,1.09682562511045,FALSE
visa/dinomaly/defocus/level1,pcb1,-6.17179309427351,-7.13452405048331,FALSE
visa/dinomaly/defocus/level1,pcb2,-7.42678166218986,-6.18210806880433,FALSE
visa/dinomaly/defocus/level1,pcb3,-7.32019359203806,-6.82100649502232,FALSE
visa/dinomaly/defocus/level1,pcb4,-6.65315857237841,-7.40706764408558,FALSE
visa/dinomaly/defocus/level1,pipe_fryum,-4.92368117604439,-0.130319262105467,FALSE
visa/dinomaly/defocus/level2,candle,4.21538625826146,8.51329231276948,FALSE
visa/dinomaly/defocus/level2,capsules,2.4652789128658,6.72850514348663,FALSE
visa/dinomaly/defocus/level2,cashew,1.58162942805895,4.68666679645958,FALSE
visa/dinomaly/defocus/level2,chewinggum,-2.47559388739662,5.79679384402467,FALSE
visa/dinomaly/defocus/level2,fryum,2.21771952412614,5.66164794258196,FALSE
visa/dinomaly/defocus/level2,macaroni1,7.43021998703346,8.34481439543277,FALSE
visa/dinomaly/defocus/level2,macaroni2,5.27439031009224,7.19297557282462,FALSE
visa/dinomaly/defocus/level2,pcb1,-0.367900758265886,6.76318496737382,FALSE
visa/dinomaly/defocus/level2,pcb2,-2.15239135209762,4.29102940482081,FALSE
visa/dinomaly/defocus/level2,pcb3,-0.553570299820633,8.37254410352504,FALSE
visa/dinomaly/defocus/level2,pcb4,-1.02805912823832,7.19025889529917,FALSE
visa/dinomaly/defocus/level2,pipe_fryum,-1.179345421357,2.92011679902991,FALSE
visa/dinomaly/defocus/level3,candle,8.21071972653212,8.6817702301062,FALSE
visa/dinomaly/defocus/level3,capsules,7.17234562376298,6.73586674648826,FALSE
visa/dinomaly/defocus/level3,cashew,7.1310857256397,6.15396515498039,FALSE
visa/dinomaly/defocus/level3,chewinggum,0.137532993744257,6.15396515498039,FALSE
visa/dinomaly/defocus/level3,fryum,7.58150628015214,6.15396515498039,FALSE
visa/dinomaly/defocus/level3,macaroni1,8.6817702301062,8.6817702301062,FALSE
visa/dinomaly/defocus/level3,macaroni2,8.65426363135735,8.6817702301062,FALSE
visa/dinomaly/defocus/level3,pcb1,7.45772658578231,8.6817702301062,FALSE
visa/dinomaly/defocus/level3,pcb2,5.69730426585583,8.6817702301062,FALSE
visa/dinomaly/defocus/level3,pcb3,8.34481439543277,8.72485832030295,FALSE
visa/dinomaly/defocus/level3,pcb4,6.4331057823876,8.72485832030295,FALSE
visa/dinomaly/defocus/level3,pipe_fryum,3.4830230665733,6.15396515498039,FALSE
mpdd/patchcore/brightness/level1,bracket_black,3.83076973309118,2.74874415062486,TRUE
mpdd/patchcore/brightness/level1,bracket_brown,4.17119275619783,4.35575309985824,FALSE
mpdd/patchcore/brightness/level1,bracket_white,3.39266044978513,2.70473662516857,FALSE
mpdd/patchcore/brightness/level1,connector,-2.83036905914918,-4.5166998129804,FALSE
mpdd/patchcore/brightness/level1,metal_plate,-7.09401982640776,-1.10481201075122,TRUE
mpdd/patchcore/brightness/level1,tubes,5.36697645345311,4.15116463563755,FALSE
mpdd/patchcore/brightness/level2,bracket_black,-4.09623759206215,-2.65524945162402,TRUE
mpdd/patchcore/brightness/level2,bracket_brown,1.269406145694,4.20336523630635,FALSE
mpdd/patchcore/brightness/level2,bracket_white,1.1557682228777,2.16995980194133,FALSE
mpdd/patchcore/brightness/level2,connector,-2.69059774758626,-3.64342774385008,FALSE
mpdd/patchcore/brightness/level2,metal_plate,-2.63372586054161,0.952424147199324,FALSE
mpdd/patchcore/brightness/level2,tubes,-3.65581958976245,1.49591518401353,FALSE
mpdd/patchcore/brightness/level3,bracket_black,0.748647050687358,3.38450810383061,TRUE
mpdd/patchcore/brightness/level3,bracket_brown,4.47114369596936,4.45734500889284,FALSE
mpdd/patchcore/brightness/level3,bracket_white,-3.5067992034557,-2.88985167936262,TRUE
mpdd/patchcore/brightness/level3,connector,-0.873570697268265,-2.97909987664665,FALSE
mpdd/patchcore/brightness/level3,metal_plate,3.36913625973938,2.70488457804608,FALSE
mpdd/patchcore/brightness/level3,tubes,-0.987631654565032,3.36580916403045,FALSE
mpdd/patchcore/contrast/level1,bracket_black,-3.56211096698017,-0.560968194005074,TRUE
mpdd/patchcore/contrast/level1,bracket_brown,6.20523506652352,4.45734500889284,FALSE
mpdd/patchcore/contrast/level1,bracket_white,1.6395153369775,2.41677987420006,FALSE
mpdd/patchcore/contrast/level1,connector,2.41105512446041,0.136628540394378,FALSE
mpdd/patchcore/contrast/level1,metal_plate,-7.043101785463,0.114290897663919,TRUE
mpdd/patchcore/contrast/level1,tubes,0.297970606494784,-1.42111942481285,FALSE
mpdd/patchcore/contrast/level2,bracket_black,-5.14147979290996,-3.29101340482977,TRUE
mpdd/patchcore/contrast/level2,bracket_brown,6.16774119905208,4.45734500889284,FALSE
mpdd/patchcore/contrast/level2,bracket_white,-4.45734500889284,-2.91042001871752,TRUE
mpdd/patchcore/contrast/level2,connector,0.663913729923882,-3.17129986868837,FALSE
mpdd/patchcore/contrast/level2,metal_plate,-6.90269354368964,-2.60329266901149,TRUE
mpdd/patchcore/contrast/level2,tubes,2.17693819568542,3.14142188642842,FALSE
mpdd/patchcore/contrast/level3,bracket_black,-5.33704506383714,-4.0576699366367,TRUE
mpdd/patchcore/contrast/level3,bracket_brown,5.35224958154823,4.45734500889284,FALSE
mpdd/patchcore/contrast/level3,bracket_white,-4.78213890001288,-4.78213890001288,TRUE
mpdd/patchcore/contrast/level3,connector,0.59402807414242,-2.2583499064902,FALSE
mpdd/patchcore/contrast/level3,metal_plate,1.46011956416537,-0.266678761215811,TRUE
mpdd/patchcore/contrast/level3,tubes,-6.9499042482575,-4.93652010724465,TRUE
mpdd/patchcore/gaussian/level1,bracket_black,-3.37565246963233,-1.70160352181539,TRUE
mpdd/patchcore/gaussian/level1,bracket_brown,5.0054313074374,4.45734500889284,FALSE
mpdd/patchcore/gaussian/level1,bracket_white,4.04197345452869,4.6998655425933,FALSE
mpdd/patchcore/gaussian/level1,connector,3.17979733805649,-3.31544986271966,FALSE
mpdd/patchcore/gaussian/level1,metal_plate,7.15978823609211,0.673046397354189,FALSE
mpdd/patchcore/gaussian/level1,tubes,2.37324824231728,-0.0560968194005074,FALSE
mpdd/patchcore/gaussian/level2,bracket_black,1.82801643403649,3.72108902023366,FALSE
mpdd/patchcore/gaussian/level2,bracket_brown,5.06167210864456,4.45734500889284,FALSE
mpdd/patchcore/gaussian/level2,bracket_white,-4.39657481795433,-1.59404630000429,TRUE
mpdd/patchcore/gaussian/level2,connector,3.17979733805649,-0.154262545161706,FALSE
mpdd/patchcore/gaussian/level2,metal_plate,5.58732535000257,1.79055739673473,FALSE
mpdd/patchcore/gaussian/level2,tubes,-7.03008341494823,-4.93652010724465,TRUE
mpdd/patchcore/gaussian/level3,bracket_black,3.29790231678091,4.93652010724465,FALSE
mpdd/patchcore/gaussian/level3,bracket_brown,4.21806009053714,4.45734500889284,FALSE
mpdd/patchcore/gaussian/level3,bracket_white,-3.24337486570401,-0.1748308845166,TRUE
mpdd/patchcore/gaussian/level3,connector,2.9701403707121,3.19837676968603,FALSE
mpdd/patchcore/gaussian/level3,metal_plate,5.10602933761236,0.952424147199324,FALSE
mpdd/patchcore/gaussian/level3,tubes,0.116383769711539,0.504871374604567,FALSE
mpdd/patchcore/defocus/level1,bracket_black,0.304521432001381,3.5154006824318,TRUE
mpdd/patchcore/defocus/level1,bracket_brown,6.06463306350562,4.15256928178905,FALSE
mpdd/patchcore/defocus/level1,bracket_white,3.37605980893223,4.3502037735601,FALSE
mpdd/patchcore/defocus/level1,connector,-2.13151250133457,-3.43557485774573,FALSE
mpdd/patchcore/defocus/level1,metal_plate,-2.46033641682831,-1.409587737855,FALSE
mpdd/patchcore/defocus/level1,tubes,-7.01730725244946,-4.93652010724465,TRUE
mpdd/patchcore/defocus/level2,bracket_black,1.3566475135643,4.0015731172362,FALSE
mpdd/patchcore/defocus/level2,bracket_brown,4.04955040394396,3.21284412321905,FALSE
mpdd/patchcore/defocus/level2,bracket_white,-3.03505828240851,-0.236535902581282,TRUE
mpdd/patchcore/defocus/level2,connector,-2.27128381289749,-3.41154985874052,FALSE
mpdd/patchcore/defocus/level2,metal_plate,-0.535115696977239,-2.55249671449419,FALSE
mpdd/patchcore/defocus/level2,tubes,-6.49245874061479,-4.48774555204059,FALSE
mpdd/patchcore/defocus/level3,bracket_black,-1.15262692780925,3.66499220083315,FALSE
mpdd/patchcore/defocus/level3,bracket_brown,4.31179475921574,4.45734500889284,TRUE
mpdd/patchcore/defocus/level3,bracket_white,-4.70304625405668,-3.63031189613881,TRUE
mpdd/patchcore/defocus/level3,connector,-0.803685041486804,3.15724009097625,FALSE
mpdd/patchcore/defocus/level3,metal_plate,4.50325452755611,-2.65408862352878,FALSE
mpdd/patchcore/defocus/level3,tubes,-0.0666051943929517,2.80484097002537,FALSE
mpdd/dinomaly/brightness/level1,bracket_black,0.34921123727893,-1.57071094321421,TRUE
mpdd/dinomaly/brightness/level1,bracket_brown,-3.59941127725836,-1.43498571511365,FALSE
mpdd/dinomaly/brightness/level1,bracket_white,-1.79972969355323,-1.28552120968088,FALSE
mpdd/dinomaly/brightness/level1,connector,-1.16136491806254,-1.10040615548683,FALSE
mpdd/dinomaly/brightness/level1,metal_plate,-7.05342791830559,-2.14612907835581,TRUE
mpdd/dinomaly/brightness/level1,tubes,0.971578779427949,-4.80562752864347,FALSE
mpdd/dinomaly/brightness/level2,bracket_black,4.04238462547125,2.80484097002537,TRUE
mpdd/dinomaly/brightness/level2,bracket_brown,-0.159348936753625,1.43498571511365,FALSE
mpdd/dinomaly/brightness/level2,bracket_white,-1.42949958516514,1.9231397296826,FALSE
mpdd/dinomaly/brightness/level2,connector,0.408047133373324,3.03383005484688,FALSE
mpdd/dinomaly/brightness/level2,metal_plate,-7.27689151604232,1.66356751044149,TRUE
mpdd/dinomaly/brightness/level2,tubes,2.93865212362361,1.10323744820998,FALSE
mpdd/dinomaly/brightness/level3,bracket_black,5.14292913083515,4.86172434804398,FALSE
mpdd/dinomaly/brightness/level3,bracket_brown,5.74593518999837,4.33035512259959,FALSE
mpdd/dinomaly/brightness/level3,bracket_white,-0.359945938710647,4.76157056065799,FALSE
mpdd/dinomaly/brightness/level3,connector,2.60522400538353,4.74100222130309,FALSE
mpdd/dinomaly/brightness/level3,metal_plate,-7.32273020275755,4.45734500889284,TRUE
mpdd/dinomaly/brightness/level3,tubes,6.88475670468482,4.88042328784415,FALSE
mpdd/dinomaly/contrast/level1,bracket_black,2.59262888282842,0.317881976602875,TRUE
mpdd/dinomaly/contrast/level1,bracket_brown,-4.26492742487644,-2.06993514657986,FALSE
mpdd/dinomaly/contrast/level1,bracket_white,-2.31393817742559,-1.94370806903749,FALSE
mpdd/dinomaly/contrast/level1,connector,-0.219717687201021,-0.771312725808529,FALSE
mpdd/dinomaly/contrast/level1,metal_plate,-6.93883120151752,-2.42550682820095,TRUE
mpdd/dinomaly/contrast/level1,tubes,0.714484087025476,-4.58124025104144,FALSE
mpdd/dinomaly/contrast/level2,bracket_black,4.84662868708333,4.41294979283992,TRUE
mpdd/dinomaly/contrast/level2,bracket_brown,-1.94030764164708,0.673046397354189,FALSE
mpdd/dinomaly/contrast/level2,bracket_white,-2.6018949283941,0.318809260000859,FALSE
mpdd/dinomaly/contrast/level2,connector,-0.219717687201021,3.34235514517029,FALSE
mpdd/dinomaly/contrast/level2,metal_plate,-7.27116168020292,2.88267041885662,TRUE
mpdd/dinomaly/contrast/level2,tubes,2.52610482651267,0.953645929808626,FALSE
mpdd/dinomaly/contrast/level3,bracket_black,5.61912627257915,4.93652010724465,FALSE
mpdd/dinomaly/contrast/level3,bracket_brown,5.97089839482701,4.45734500889284,FALSE
mpdd/dinomaly/contrast/level3,bracket_white,-2.54018991032942,4.0005420045269,FALSE
mpdd/dinomaly/contrast/level3,connector,3.17021234390044,4.78213890001288,FALSE
mpdd/dinomaly/contrast/level3,metal_plate,-7.29981085939994,4.45734500889284,TRUE
mpdd/dinomaly/contrast/level3,tubes,5.20467278456633,4.93652010724465,FALSE
mpdd/dinomaly/gaussian/level1,bracket_black,3.90481656230076,4.93652010724465,TRUE
mpdd/dinomaly/gaussian/level1,bracket_brown,6.1396207984485,4.38115107711689,FALSE
mpdd/dinomaly/gaussian/level1,bracket_white,-2.21109648065112,4.53531882775415,FALSE
mpdd/dinomaly/gaussian/level1,connector,1.16136491806254,4.16508871936606,FALSE
mpdd/dinomaly/gaussian/level1,metal_plate,-2.27474482824315,3.18744614596041,TRUE
mpdd/dinomaly/gaussian/level1,tubes,-2.0238733343776,3.79588477943434,FALSE
mpdd/dinomaly/gaussian/level2,bracket_black,5.34399014623817,4.93652010724465,FALSE
mpdd/dinomaly/gaussian/level2,bracket_brown,6.21460853339138,4.45734500889284,FALSE
mpdd/dinomaly/gaussian/level2,bracket_white,3.3012184664605,4.78213890001288,FALSE
mpdd/dinomaly/gaussian/level2,connector,2.85632993361327,4.78213890001288,FALSE
mpdd/dinomaly/gaussian/level2,metal_plate,-0.710499644086022,4.30495714534095,TRUE
mpdd/dinomaly/gaussian/level2,tubes,3.04627315765255,4.89912222764432,FALSE
mpdd/dinomaly/gaussian/level3,bracket_black,5.94717319244724,4.93652010724465,FALSE
mpdd/dinomaly/gaussian/level3,bracket_brown,6.21460853339138,4.45734500889284,FALSE
mpdd/dinomaly/gaussian/level3,bracket_white,4.78213890001288,4.78213890001288,FALSE
mpdd/dinomaly/gaussian/level3,connector,3.29576530801531,4.78213890001288,FALSE
mpdd/dinomaly/gaussian/level3,metal_plate,1.35797109393861,4.45734500889284,TRUE
mpdd/dinomaly/gaussian/level3,tubes,7.0999987727427,4.93652010724465,FALSE
mpdd/dinomaly/defocus/level1,bracket_black,-3.61909827725437,-0.411376675603721,TRUE
mpdd/dinomaly/defocus/level1,bracket_brown,1.26541802716114,0.444464602026351,FALSE
mpdd/dinomaly/defocus/level1,bracket_white,1.01813279806726,0.0514208483872353,FALSE
mpdd/dinomaly/defocus/level1,connector,-3.17021234390044,-1.59404630000429,FALSE
mpdd/dinomaly/defocus/level1,metal_plate,3.00816381568679,-1.61277155592419,TRUE
mpdd/dinomaly/defocus/level1,tubes,-2.13747331474149,0.317881976602875,FALSE
mpdd/dinomaly/defocus/level2,bracket_black,-2.22225332813865,4.76822964904313,TRUE
mpdd/dinomaly/defocus/level2,bracket_brown,5.53034545203758,4.02557939549581,FALSE
mpdd/dinomaly/defocus/level2,bracket_white,-2.21109648065112,3.3217868058154,FALSE
mpdd/dinomaly/defocus/level2,connector,-1.91468270275175,4.67929720323841,FALSE
mpdd/dinomaly/defocus/level2,metal_plate,4.26299786451613,2.37471087368365,FALSE
mpdd/dinomaly/defocus/level2,tubes,1.49772605690278,4.74953070924296,FALSE
mpdd/dinomaly/defocus/level3,bracket_black,3.24872272256459,4.93652010724465,FALSE
mpdd/dinomaly/defocus/level3,bracket_brown,6.21460853339138,4.45734500889284,FALSE
mpdd/dinomaly/defocus/level3,bracket_white,-1.20324785226131,4.76157056065799,FALSE
mpdd/dinomaly/defocus/level3,connector,-0.156941205143586,4.78213890001288,FALSE
mpdd/dinomaly/defocus/level3,metal_plate,4.87036046349289,4.45734500889284,FALSE
mpdd/dinomaly/defocus/level3,tubes,5.94606213009904,4.93652010724465,FALSE
