direction,escaped_pp,false_reject_pp
patchcore->dinomaly,92.5806451612903,0
patchcore->dinomaly,100,0
patchcore->dinomaly,91.7272727272727,0
patchcore->dinomaly,89.5555555555556,0
patchcore->dinomaly,93.2758620689655,0
patchcore->dinomaly,100,0
patchcore->dinomaly,93.3695652173913,0
patchcore->dinomaly,92.6595744680851,0
patchcore->dinomaly,90.8450704225352,0
patchcore->dinomaly,92.1186440677966,-0.952380952380952
patchcore->dinomaly,90.3571428571429,0
patchcore->dinomaly,95.3333333333333,0
patchcore->dinomaly,91,-1.5
patchcore->dinomaly,93.1666666666667,0
patchcore->dinomaly,92.4576271186441,0
dinomaly->patchcore,-6.61290322580645,0
dinomaly->patchcore,-7.17391304347826,97.7586206896552
dinomaly->patchcore,-10.2727272727273,0
dinomaly->patchcore,-10,0
dinomaly->patchcore,-5.68965517241379,0
dinomaly->patchcore,0,100
dinomaly->patchcore,-7.28260869565217,0
dinomaly->patchcore,-8.08510638297872,0
dinomaly->patchcore,-10.4225352112676,0
dinomaly->patchcore,-11.7796610169492,95
dinomaly->patchcore,-8.09523809523809,0
dinomaly->patchcore,-6.66666666666667,0
dinomaly->patchcore,-5.75,97.3333333333333
dinomaly->patchcore,-8,0
dinomaly->patchcore,-10.8474576271186,0
patchcore->dinomaly,90.9677419354839,0
patchcore->dinomaly,100,0
patchcore->dinomaly,92,0
patchcore->dinomaly,89.4444444444444,0
patchcore->dinomaly,93.1034482758621,0
patchcore->dinomaly,100,0
patchcore->dinomaly,93.0434782608696,0
patchcore->dinomaly,92.7659574468085,0
patchcore->dinomaly,90.8450704225352,0
patchcore->dinomaly,92.3728813559322,-1.19047619047619
patchcore->dinomaly,90.7142857142857,0
patchcore->dinomaly,95,0
patchcore->dinomaly,91.75,-1.5
patchcore->dinomaly,92.8333333333333,0
patchcore->dinomaly,91.5254237288136,0
dinomaly->patchcore,-7.09677419354839,0
dinomaly->patchcore,-6.95652173913044,97.4137931034483
dinomaly->patchcore,-9.72727272727273,0
dinomaly->patchcore,-9.77777777777778,0
dinomaly->patchcore,-5.17241379310345,0
dinomaly->patchcore,0,100
dinomaly->patchcore,-7.60869565217391,0
dinomaly->patchcore,-8.61702127659574,0
dinomaly->patchcore,-10.5633802816901,0
dinomaly->patchcore,-12.1186440677966,94.0476190476191
dinomaly->patchcore,-8.09523809523809,0
dinomaly->patchcore,-6,0
dinomaly->patchcore,-3,98.3333333333333
dinomaly->patchcore,-8,0
dinomaly->patchcore,-10.9322033898305,0
patchcore->dinomaly,91.9354838709677,0
patchcore->dinomaly,100,0
patchcore->dinomaly,90.9090909090909,0
patchcore->dinomaly,89.8888888888889,0
patchcore->dinomaly,93.2758620689655,0
patchcore->dinomaly,100,0
patchcore->dinomaly,93.9130434782609,0
patchcore->dinomaly,92.3404255319149,0
patchcore->dinomaly,90.9859154929577,0
patchcore->dinomaly,91.6949152542373,-2.61904761904762
patchcore->dinomaly,90.9523809523809,0
patchcore->dinomaly,95.3333333333333,0
patchcore->dinomaly,92,-1.5
patchcore->dinomaly,92.5,0
patchcore->dinomaly,92.5423728813559,0
dinomaly->patchcore,-7.09677419354839,0
dinomaly->patchcore,-7.82608695652174,97.5862068965517
dinomaly->patchcore,-9.54545454545454,0
dinomaly->patchcore,-9.88888888888889,0
dinomaly->patchcore,-5.17241379310345,0
dinomaly->patchcore,0,100
dinomaly->patchcore,-7.60869565217391,0
dinomaly->patchcore,-7.76595744680851,0
dinomaly->patchcore,-9.64788732394366,0
dinomaly->patchcore,-12.1186440677966,94.0476190476191
dinomaly->patchcore,-8.21428571428571,0
dinomaly->patchcore,-6.66666666666667,0
dinomaly->patchcore,-4,97.8333333333333
dinomaly->patchcore,-7.66666666666667,0
dinomaly->patchcore,-11.5254237288136,0
patchcore->dinomaly,91.6129032258064,0
patchcore->dinomaly,100,0
patchcore->dinomaly,91.6363636363636,0
patchcore->dinomaly,90,0
patchcore->dinomaly,93.448275862069,0
patchcore->dinomaly,100,0
patchcore->dinomaly,93.5869565217391,0
patchcore->dinomaly,92.4468085106383,0
patchcore->dinomaly,90.4929577464789,0
patchcore->dinomaly,91.271186440678,-1.9047619047619
patchcore->dinomaly,90.8333333333333,0
patchcore->dinomaly,95.3333333333333,0
patchcore->dinomaly,91,-1.5
patchcore->dinomaly,93,0
patchcore->dinomaly,92.6271186440678,0
dinomaly->patchcore,-7.09677419354839,0
dinomaly->patchcore,-7.39130434782609,97.5862068965517
dinomaly->patchcore,-10.7272727272727,0
dinomaly->patchcore,-10,0
dinomaly->patchcore,-5.86206896551724,0
dinomaly->patchcore,0,100
dinomaly->patchcore,-7.71739130434783,0
dinomaly->patchcore,-8.19148936170213,0
dinomaly->patchcore,-9.29577464788732,0
dinomaly->patchcore,-11.9491525423729,95.7142857142857
dinomaly->patchcore,-9.16666666666667,0
dinomaly->patchcore,-6.66666666666667,0
dinomaly->patchcore,-5.25,98
dinomaly->patchcore,-7.83333333333333,0
dinomaly->patchcore,-11.7796610169492,0
patchcore->dinomaly,92.4193548387097,0
patchcore->dinomaly,100,0
patchcore->dinomaly,92.0909090909091,0
patchcore->dinomaly,90.2222222222222,0
patchcore->dinomaly,93.6206896551724,0
patchcore->dinomaly,100,0
patchcore->dinomaly,92.9347826086957,0
patchcore->dinomaly,93.0851063829787,0
patchcore->dinomaly,90.6338028169014,0
patchcore->dinomaly,91.271186440678,-1.9047619047619
patchcore->dinomaly,90.7142857142857,0
patchcore->dinomaly,95.3333333333333,0
patchcore->dinomaly,90.75,-1.5
patchcore->dinomaly,93,0
patchcore->dinomaly,92.2033898305085,0
dinomaly->patchcore,-7.25806451612903,0
dinomaly->patchcore,-7.17391304347826,97.7586206896552
dinomaly->patchcore,-9.72727272727273,0
dinomaly->patchcore,-10,0
dinomaly->patchcore,-5,0
dinomaly->patchcore,0,100
dinomaly->patchcore,-7.60869565217391,0
dinomaly->patchcore,-7.87234042553191,0
dinomaly->patchcore,-9.71830985915493,0
dinomaly->patchcore,-10.6779661016949,94.5238095238095
dinomaly->patchcore,-8.09523809523809,0
dinomaly->patchcore,-5.33333333333333,0
dinomaly->patchcore,-4,97.8333333333333
dinomaly->patchcore,-7.83333333333333,0
dinomaly->patchcore,-9.49152542372881,0
patchcore->dinomaly,92,-2.5
patchcore->dinomaly,91.8,-2.66666666666667
patchcore->dinomaly,94.5,-2.2
patchcore->dinomaly,97.8,0
patchcore->dinomaly,92.7,-1.6
patchcore->dinomaly,92.3,-2.7
patchcore->dinomaly,92.2,-3.5
patchcore->dinomaly,90.5,-4.1
patchcore->dinomaly,95,-2.4
patchcore->dinomaly,94.5,-4.2156862745098
patchcore->dinomaly,98.8,-0.980392156862745
patchcore->dinomaly,95.1,-0.2
dinomaly->patchcore,-9,96.3
dinomaly->patchcore,-7.4,96.3333333333333
dinomaly->patchcore,-10.1,96.2
dinomaly->patchcore,-3.8,99.4
dinomaly->patchcore,-8.5,95.6
dinomaly->patchcore,-9.6,95.6
dinomaly->patchcore,-10.5,96
dinomaly->patchcore,-8.8,95.3
dinomaly->patchcore,-11.1,95.7
dinomaly->patchcore,-8.5,96.7647058823529
dinomaly->patchcore,-9.4,95.4901960784314
dinomaly->patchcore,-7.7,98.4
patchcore->dinomaly,90.2,-3.3
patchcore->dinomaly,91.4,-3
patchcore->dinomaly,93.8,-3
patchcore->dinomaly,97.7,0
patchcore->dinomaly,92.9,-1.2
patchcore->dinomaly,90.4,-2.7
patchcore->dinomaly,91.1,-3.1
patchcore->dinomaly,90.6,-4
patchcore->dinomaly,95.3,-2.3
patchcore->dinomaly,95.8,-3.43137254901961
patchcore->dinomaly,98.9,-0.686274509803922
patchcore->dinomaly,93.7,-0.8
dinomaly->patchcore,-9.9,95.9
dinomaly->patchcore,-8.4,95.6666666666667
dinomaly->patchcore,-10.3,96.8
dinomaly->patchcore,-3.7,99.6
dinomaly->patchcore,-8.3,93.4
dinomaly->patchcore,-9.4,95.5
dinomaly->patchcore,-9.2,95.6
dinomaly->patchcore,-8.2,95.4
dinomaly->patchcore,-11.9,96.4
dinomaly->patchcore,-9.1,96.2745098039216
dinomaly->patchcore,-9,95.4901960784314
dinomaly->patchcore,-6.7,98.6
patchcore->dinomaly,92,-3
patchcore->dinomaly,91.7,-3
patchcore->dinomaly,93.8,-3.2
patchcore->dinomaly,97.3,0
patchcore->dinomaly,92.7,-1
patchcore->dinomaly,91.1,-2.7
patchcore->dinomaly,92.3,-3
patchcore->dinomaly,90.2,-4.2
patchcore->dinomaly,94.8,-2.7
patchcore->dinomaly,94.9,-3.43137254901961
patchcore->dinomaly,98.8,-0.686274509803922
patchcore->dinomaly,92,-1.6
dinomaly->patchcore,-9.3,96.4
dinomaly->patchcore,-8.5,97.5
dinomaly->patchcore,-9.9,96.8
dinomaly->patchcore,-3.4,99.6
dinomaly->patchcore,-8.6,93.2
dinomaly->patchcore,-9.5,95.5
dinomaly->patchcore,-9.8,95.7
dinomaly->patchcore,-8.3,95.5
dinomaly->patchcore,-11.6,95.7
dinomaly->patchcore,-8.9,97.4509803921569
dinomaly->patchcore,-9.5,94.8039215686274
dinomaly->patchcore,-7.9,98.6
patchcore->dinomaly,91.3,-3.2
patchcore->dinomaly,91,-2.83333333333333
patchcore->dinomaly,93.6,-2.4
patchcore->dinomaly,97.7,0
patchcore->dinomaly,92.8,-1.6
patchcore->dinomaly,91.1,-2.7
patchcore->dinomaly,91.9,-3
patchcore->dinomaly,90.7,-3.9
patchcore->dinomaly,94.9,-2.2
patchcore->dinomaly,95.6,-3.23529411764706
patchcore->dinomaly,98.1,-1.27450980392157
patchcore->dinomaly,94.6,-0.2
dinomaly->patchcore,-8.4,96.5
dinomaly->patchcore,-7.4,96.5
dinomaly->patchcore,-9.3,96.2
dinomaly->patchcore,-3.7,99.6
dinomaly->patchcore,-8.7,95.4
dinomaly->patchcore,-9.8,95.2
dinomaly->patchcore,-10.1,96.6
dinomaly->patchcore,-9,95.6
dinomaly->patchcore,-12.6,95.8
dinomaly->patchcore,-9.3,96.5686274509804
dinomaly->patchcore,-8.9,95.1960784313725
dinomaly->patchcore,-8.4,98
patchcore->dinomaly,91.6,-2.8
patchcore->dinomaly,92,-2.5
patchcore->dinomaly,93.3,-2.4
patchcore->dinomaly,96.9,0
patchcore->dinomaly,92.6,-1.2
patchcore->dinomaly,91.2,-2.6
patchcore->dinomaly,91.1,-3.5
patchcore->dinomaly,90.3,-4
patchcore->dinomaly,94.9,-2.3
patchcore->dinomaly,95.6,-3.52941176470588
patchcore->dinomaly,98.8,-0.882352941176471
patchcore->dinomaly,95.2,-0.2
dinomaly->patchcore,-9.4,96.4
dinomaly->patchcore,-8.9,96.3333333333333
dinomaly->patchcore,-9.8,96.4
dinomaly->patchcore,-3.9,98.8
dinomaly->patchcore,-8.3,94.2
dinomaly->patchcore,-10,95.2
dinomaly->patchcore,-9.6,95
dinomaly->patchcore,-9.2,95.5
dinomaly->patchcore,-12.8,95.7
dinomaly->patchcore,-9,96.3725490196078
dinomaly->patchcore,-9.8,95.2941176470588
dinomaly->patchcore,-8,98.6
patchcore->dinomaly,89.3478260869565,0
patchcore->dinomaly,95.4,0
patchcore->dinomaly,96,0
patchcore->dinomaly,0,0
patchcore->dinomaly,91,0
patchcore->dinomaly,91.8571428571429,0
dinomaly->patchcore,-11.304347826087,0
dinomaly->patchcore,-7.2,0
dinomaly->patchcore,-9,0
dinomaly->patchcore,0,0
dinomaly->patchcore,-8.14285714285714,0
dinomaly->patchcore,-7,0
patchcore->dinomaly,89.7826086956522,0
patchcore->dinomaly,94.2,0
patchcore->dinomaly,96.6666666666667,0
patchcore->dinomaly,0,0
patchcore->dinomaly,91.4285714285714,0
patchcore->dinomaly,87.2857142857143,0
dinomaly->patchcore,-10.6521739130435,0
dinomaly->patchcore,-7,0
dinomaly->patchcore,-9.33333333333333,0
dinomaly->patchcore,0,0
dinomaly->patchcore,-8.42857142857143,0
dinomaly->patchcore,-7.14285714285714,0
patchcore->dinomaly,89.7826086956522,0
patchcore->dinomaly,94.6,0
patchcore->dinomaly,97,0
patchcore->dinomaly,0,0
patchcore->dinomaly,91.4285714285714,0
patchcore->dinomaly,90.4285714285714,0
dinomaly->patchcore,-10.2173913043478,0
dinomaly->patchcore,-7.2,0
dinomaly->patchcore,-8.66666666666667,0
dinomaly->patchcore,0,0
dinomaly->patchcore,-8.57142857142857,0
dinomaly->patchcore,-7.42857142857143,0
patchcore->dinomaly,89.3478260869565,0
patchcore->dinomaly,94.2,0
patchcore->dinomaly,95.6666666666667,0
patchcore->dinomaly,0,0
patchcore->dinomaly,90.2857142857143,0
patchcore->dinomaly,91.5714285714286,0
dinomaly->patchcore,-10.4347826086957,0
dinomaly->patchcore,-7.4,0
dinomaly->patchcore,-9,0
dinomaly->patchcore,0,0
dinomaly->patchcore,-9.14285714285714,0
dinomaly->patchcore,-7.28571428571429,0
patchcore->dinomaly,89.7826086956522,0
patchcore->dinomaly,94.2,0
patchcore->dinomaly,96.6666666666667,0
patchcore->dinomaly,0,0
patchcore->dinomaly,91,0
patchcore->dinomaly,86.1428571428571,0
dinomaly->patchcore,-10.6521739130435,0
dinomaly->patchcore,-7,0
dinomaly->patchcore,-9,0
dinomaly->patchcore,0,0
dinomaly->patchcore,-9.14285714285714,0
dinomaly->patchcore,-7.85714285714286,0
